id,fname,lname,email,birthday
1,Amory,Deas,adeas0@360.cn,2/22/2006
2,Anet,Yates,ayates1@utexas.edu,6/3/1924
3,Debora,Muriel,dmuriel2@aol.com,10/24/2013
4,Gert,Coulthart,gcoulthart3@paypal.com,8/17/2010
5,Lindsay,Squier,lsquier4@rediff.com,11/14/1999
6,Alejandrina,Scally,ascally5@hubpages.com,3/12/2009
7,Neale,Holmyard,nholmyard6@cbsnews.com,7/23/2012
8,Flor,Jayume,fjayume7@plala.or.jp,9/1/2007
9,Gwenni,Wellfare,gwellfare8@ebay.com,4/10/1933
10,Loutitia,Pardue,lpardue9@yolasite.com,2/14/2001
11,Giacinta,Witham,gwithama@istockphoto.com,6/5/2002
12,Ansell,Sealand,asealandb@samsung.com,4/16/1948
13,Chere,Bollands,cbollandsc@howstuffworks.com,4/4/2010
14,Pearce,Heaffey,pheaffeyd@washington.edu,12/4/1963
15,Berky,Sooley,bsooleye@opera.com,10/28/2005
16,Velvet,Writer,vwriterf@apple.com,10/18/1973
17,Michail,Shadrack,mshadrackg@un.org,9/15/1966
18,Egor,Galletly,egalletlyh@slate.com,8/17/2011
19,Hieronymus,Rennebach,hrennebachi@virginia.edu,8/2/2009
20,Chuck,O'Hederscoll,cohederscollj@pen.io,2/15/1921
21,Cherlyn,Ashfull,cashfullk@techcrunch.com,8/7/1934
22,Bernie,Ryan,bryanl@bizjournals.com,4/20/1966
23,Garik,Sreenan,gsreenanm@gizmodo.com,8/22/1953
24,Marla,Dentith,mdentithn@upenn.edu,4/16/1923
25,Carolynn,Nassy,cnassyo@rediff.com,11/17/2017
26,Kalindi,Presswell,kpresswellp@weebly.com,9/1/2011
27,Karmen,Meagh,kmeaghq@google.ru,3/11/1942
28,Augustine,Cheatle,acheatler@walmart.com,4/13/1994
29,Domenico,Deroche,dderoches@wired.com,1/26/1937
30,Lukas,Nail,lnailt@nba.com,5/5/1957
31,Carole,Karpenya,ckarpenyau@cdc.gov,2/10/1922
32,Cosette,Cornilli,ccornilliv@tinyurl.com,8/9/2004
33,Merrick,Dunleavy,mdunleavyw@bbb.org,3/30/2017
34,Liana,Nortcliffe,lnortcliffex@pagesperso-orange.fr,2/6/1987
35,Udell,Flory,ufloryy@elegantthemes.com,12/7/1985
36,Keefe,McGraffin,kmcgraffinz@ox.ac.uk,5/12/1952
37,Charla,Hambrick,chambrick10@google.cn,1/11/1930
38,Dalton,Vondracek,dvondracek11@php.net,10/18/2003
39,Nadiya,Pink,npink12@patch.com,3/9/1955
40,Christiano,Charnick,ccharnick13@usda.gov,8/23/2011
41,Kinsley,Mease,kmease14@google.ru,9/25/1954
42,Jocelyne,Balderson,jbalderson15@acquirethisname.com,9/26/1971
43,Dorri,Andrusov,dandrusov16@yolasite.com,5/12/1941
44,Verile,Dalgleish,vdalgleish17@ihg.com,11/15/1945
45,Glen,Downgate,gdowngate18@privacy.gov.au,12/3/1959
46,Rica,Higgonet,rhiggonet19@oakley.com,1/3/1993
47,Spense,Winspur,swinspur1a@delicious.com,1/22/1922
48,Olympie,Gosse,ogosse1b@spotify.com,1/12/1989
49,Ulrike,Bardsley,ubardsley1c@netscape.com,8/16/1956
50,Gretal,Burris,gburris1d@linkedin.com,4/29/1925
51,Dane,Easen,deasen1e@mozilla.org,8/3/1954
52,Genovera,Duggleby,gduggleby1f@geocities.com,10/4/1974
53,Jobyna,Platt,jplatt1g@howstuffworks.com,9/17/1958
54,Simonette,Bonar,sbonar1h@fc2.com,7/6/2012
55,Zaccaria,Soppett,zsoppett1i@instagram.com,1/20/1931
56,Fannie,Havill,fhavill1j@storify.com,9/24/1982
57,Hershel,Trowill,htrowill1k@tripod.com,9/2/1999
58,Wini,Noads,wnoads1l@nyu.edu,9/23/1945
59,Jacki,Norvel,jnorvel1m@naver.com,1/31/2004
60,Eddy,Haukey,ehaukey1n@istockphoto.com,3/4/1941
61,Hollyanne,Bulfit,hbulfit1o@blogger.com,1/22/1918
62,Budd,Bramsom,bbramsom1p@vkontakte.ru,3/22/1944
63,Vito,Sparey,vsparey1q@tamu.edu,12/29/1934
64,Philly,Almey,palmey1r@goo.ne.jp,8/16/1998
65,Valeda,Cherry,vcherry1s@usda.gov,10/4/2002
66,Karoly,Klimontovich,kklimontovich1t@ft.com,10/26/1997
67,Donetta,Kesper,dkesper1u@ibm.com,5/18/1962
68,Carce,Crombleholme,ccrombleholme1v@timesonline.co.uk,12/14/1928
69,Eustace,Keling,ekeling1w@examiner.com,12/6/1962
70,Owen,Elcox,oelcox1x@engadget.com,9/9/1984
71,Janaye,Lowndesbrough,jlowndesbrough1y@mtv.com,1/22/1944
72,Letty,O' Ronan,loronan1z@bloglovin.com,5/15/1953
73,Antons,Sutty,asutty20@topsy.com,4/25/1968
74,Elset,Pirazzi,epirazzi21@cdc.gov,4/21/2016
75,Teddy,Vaneschi,tvaneschi22@yelp.com,11/16/2011
76,Mildrid,Chubb,mchubb23@bloglines.com,8/12/1972
77,Domenic,Laborde,dlaborde24@google.es,12/25/2003
78,Genevra,Cofax,gcofax25@jimdo.com,8/2/1922
79,Althea,Mathouse,amathouse26@usatoday.com,11/13/1983
80,Sondra,Simak,ssimak27@cbslocal.com,9/24/1997
81,Chen,Beche,cbeche28@netlog.com,8/4/1984
82,Raimondo,Triggs,rtriggs29@sakura.ne.jp,8/7/1960
83,Kaleb,Dury,kdury2a@fastcompany.com,9/13/1944
84,Caryl,O'Dempsey,codempsey2b@washingtonpost.com,1/31/2008
85,Frederik,Possel,fpossel2c@slideshare.net,11/4/1925
86,Neysa,Hofner,nhofner2d@blogtalkradio.com,5/4/1994
87,Amandy,Younge,ayounge2e@hatena.ne.jp,6/4/1987
88,Alanson,Mannin,amannin2f@bluehost.com,4/4/2004
89,Pascal,Vibert,pvibert2g@storify.com,6/7/2010
90,Guglielmo,Radborne,gradborne2h@fema.gov,6/26/1976
91,Rhody,Ashpital,rashpital2i@nyu.edu,9/5/1990
92,Tersina,Benny,tbenny2j@cdbaby.com,3/18/1977
93,Pammi,Simonazzi,psimonazzi2k@a8.net,4/16/2012
94,Ashleigh,Boydle,aboydle2l@vistaprint.com,4/17/1953
95,Jayson,Quarton,jquarton2m@pinterest.com,5/14/1985
96,Marielle,Boylin,mboylin2n@mac.com,8/5/1948
97,Farly,Henlon,fhenlon2o@earthlink.net,12/13/2016
98,Marcelle,Walklott,mwalklott2p@reddit.com,6/27/2008
99,Bernie,Rounce,brounce2q@barnesandnoble.com,11/13/1935
100,Delores,Carbery,dcarbery2r@webmd.com,6/9/1951
101,Sula,Glyne,sglyne2s@tuttocitta.it,7/9/1945
102,Emile,Goodfellow,egoodfellow2t@china.com.cn,8/17/2000
103,Leesa,Suff,lsuff2u@mapquest.com,10/16/2013
104,Coralie,Swanton,cswanton2v@dailymail.co.uk,5/3/1962
105,Vassily,Booth,vbooth2w@pen.io,1/7/1935
106,Lyndy,De Filippi,ldefilippi2x@nifty.com,9/9/1939
107,Tybi,Batman,tbatman2y@deliciousdays.com,7/2/2009
108,Camel,Mealand,cmealand2z@intel.com,10/1/1943
109,Roz,Lillicrop,rlillicrop30@vk.com,7/29/2007
110,Prudi,McElrath,pmcelrath31@cdbaby.com,6/24/1961
111,Halsy,Joselin,hjoselin32@storify.com,11/3/1971
112,Raquela,Grinaway,rgrinaway33@youtu.be,3/17/1972
113,Lizzie,Burghall,lburghall34@joomla.org,8/11/1965
114,Sherline,Tong,stong35@shareasale.com,12/27/1977
115,Frasquito,Verring,fverring36@dailymail.co.uk,9/10/1925
116,Amory,Nixon,anixon37@tmall.com,11/11/1918
117,Gallagher,Union,gunion38@mit.edu,12/14/1937
118,Demeter,Beckham,dbeckham39@lulu.com,10/27/1947
119,Carley,Doblin,cdoblin3a@php.net,2/24/1926
120,Thomasa,Ethington,tethington3b@printfriendly.com,4/25/2002
121,Josie,Redbourn,jredbourn3c@umn.edu,9/2/2014
122,Catlaina,Randerson,cranderson3d@nyu.edu,3/2/1941
123,Clarke,McCaighey,cmccaighey3e@storify.com,12/11/1952
124,Claudian,Benbough,cbenbough3f@sohu.com,8/25/1923
125,Valerye,Letham,vletham3g@weather.com,12/25/1954
126,Nye,Gasker,ngasker3h@mlb.com,6/10/2016
127,Phoebe,Rumsby,prumsby3i@slate.com,6/16/1954
128,Moreen,Fairnington,mfairnington3j@reverbnation.com,9/8/1950
129,Hirsch,Sondon,hsondon3k@theguardian.com,3/11/1935
130,Yorker,Shulver,yshulver3l@addtoany.com,6/23/1987
131,Esteban,Vasyushkhin,evasyushkhin3m@liveinternet.ru,9/30/1972
132,Madella,Dinneen,mdinneen3n@people.com.cn,2/22/1985
133,Wynne,Crennell,wcrennell3o@salon.com,6/4/2003
134,Raina,Wilsey,rwilsey3p@bbb.org,4/11/1987
135,Arel,Snewin,asnewin3q@oracle.com,11/24/1952
136,Kristel,Joseph,kjoseph3r@usa.gov,2/25/1969
137,Ulises,Farncomb,ufarncomb3s@ed.gov,11/6/1937
138,Rosabel,Raffon,rraffon3t@msu.edu,11/15/1949
139,Lev,O'Bradain,lobradain3u@theatlantic.com,10/20/1990
140,Kennedy,Delmage,kdelmage3v@mediafire.com,9/9/1949
141,Blakelee,Dempster,bdempster3w@buzzfeed.com,11/19/1988
142,Bertha,Petre,bpetre3x@odnoklassniki.ru,1/29/1923
143,Heddi,Laughlan,hlaughlan3y@aboutads.info,9/29/1950
144,Gusti,Boyce,gboyce3z@yahoo.com,12/6/1951
145,Yvon,Tireman,ytireman40@blog.com,8/31/1924
146,Andonis,Lindelof,alindelof41@independent.co.uk,1/16/1988
147,Joe,Audus,jaudus42@vkontakte.ru,1/18/1958
148,Clare,Agge,cagge43@slideshare.net,5/25/1933
149,Cordell,Christensen,cchristensen44@cnn.com,10/18/1959
150,Erica,Romeril,eromeril45@illinois.edu,4/21/1931
151,Yule,Jaye,yjaye46@weibo.com,5/28/1966
152,Tome,Chilvers,tchilvers47@moonfruit.com,12/14/1950
153,Dreddy,Postlethwaite,dpostlethwaite48@freewebs.com,2/27/1950
154,Leeanne,Bryceson,lbryceson49@go.com,11/27/2011
155,Daphna,Abden,dabden4a@printfriendly.com,8/7/1973
156,Lisha,Bursnall,lbursnall4b@canalblog.com,1/31/1924
157,Frans,Kibbe,fkibbe4c@dailymotion.com,8/6/1963
158,Ingar,Bronot,ibronot4d@macromedia.com,3/8/2013
159,Abigale,O'Driscole,aodriscole4e@dyndns.org,3/25/1929
160,Nessi,Ruffli,nruffli4f@state.tx.us,6/19/2011
161,Patience,Rantoull,prantoull4g@bbb.org,11/19/1997
162,Nadiya,Hurrell,nhurrell4h@kickstarter.com,10/15/1961
163,Tiebout,Linfitt,tlinfitt4i@irs.gov,6/16/2008
164,Myrtice,Danielou,mdanielou4j@nhs.uk,2/20/1938
165,Lemuel,Grubey,lgrubey4k@moonfruit.com,3/12/1951
166,Gilberta,Davison,gdavison4l@unc.edu,2/25/2017
167,Rowen,Gartshore,rgartshore4m@adobe.com,12/13/2000
168,Nicolais,Fooks,nfooks4n@redcross.org,6/19/2006
169,Ariella,Cheel,acheel4o@bizjournals.com,8/20/1963
170,Kit,Freeth,kfreeth4p@huffingtonpost.com,1/5/2011
171,Leonore,Crudgington,lcrudgington4q@multiply.com,10/7/1964
172,Annalise,Solway,asolway4r@npr.org,11/9/1961
173,Devin,McNelis,dmcnelis4s@va.gov,4/23/1996
174,Avis,Lednor,alednor4t@wired.com,11/24/1969
175,Cris,Fairbank,cfairbank4u@dell.com,9/25/1972
176,Wade,Whitecross,wwhitecross4v@java.com,3/10/1931
177,Barney,McSperrin,bmcsperrin4w@fema.gov,1/28/1989
178,Inga,Cluderay,icluderay4x@youtu.be,5/15/1944
179,Zak,Paddie,zpaddie4y@joomla.org,8/2/1975
180,George,Valentin,gvalentin4z@trellian.com,12/22/1979
181,Rebekkah,Walley,rwalley50@webeden.co.uk,10/24/1929
182,Bat,Wyss,bwyss51@harvard.edu,5/11/2006
183,Lee,Crummy,lcrummy52@jimdo.com,11/7/1962
184,Dillon,Danilishin,ddanilishin53@topsy.com,2/21/1969
185,Brigham,Dorward,bdorward54@smh.com.au,9/12/1959
186,Guilbert,Ogle,gogle55@4shared.com,10/13/1958
187,Tyrone,Alexandersen,talexandersen56@ustream.tv,5/8/1951
188,Caroline,Drexel,cdrexel57@ebay.com,7/25/1930
189,Jacqueline,Kirsche,jkirsche58@canalblog.com,4/29/1938
190,Chickie,Smouten,csmouten59@ustream.tv,8/20/1943
191,Enrique,Apark,eapark5a@posterous.com,4/27/1960
192,Missie,Carslake,mcarslake5b@skype.com,2/5/2018
193,Elysia,Barette,ebarette5c@washingtonpost.com,6/26/1997
194,Amabel,Bakster,abakster5d@surveymonkey.com,5/20/1940
195,Iormina,Harradine,iharradine5e@opera.com,3/2/1985
196,Emlyn,Becket,ebecket5f@discuz.net,10/26/2003
197,Daphna,Whiskerd,dwhiskerd5g@senate.gov,2/12/2010
198,Consolata,Alliker,calliker5h@hhs.gov,5/7/1921
199,Arley,Lerwill,alerwill5i@quantcast.com,6/9/1977
200,Emogene,Landrick,elandrick5j@netlog.com,10/26/1917
201,Reuben,Pethybridge,rpethybridge5k@vkontakte.ru,6/26/1986
202,Benny,McPhillips,bmcphillips5l@purevolume.com,1/14/2010
203,Shermie,Eyckelberg,seyckelberg5m@google.pl,12/6/2003
204,Greer,Constant,gconstant5n@harvard.edu,6/12/1936
205,Nada,Kinge,nkinge5o@people.com.cn,11/21/1989
206,Markos,Tantrum,mtantrum5p@myspace.com,8/5/1959
207,Francklyn,Dikelin,fdikelin5q@wsj.com,2/14/1919
208,Devina,Hendrickson,dhendrickson5r@huffingtonpost.com,12/25/1983
209,Amabel,Etter,aetter5s@woothemes.com,7/7/1972
210,Starlin,Blofield,sblofield5t@rediff.com,3/27/1983
211,Ronni,Keyes,rkeyes5u@t-online.de,1/2/1930
212,Hussein,Morman,hmorman5v@imgur.com,7/11/1995
213,Livvyy,Kornas,lkornas5w@blinklist.com,10/5/2012
214,Tam,Clappson,tclappson5x@cdc.gov,2/4/1971
215,Milissent,Driussi,mdriussi5y@furl.net,10/6/1928
216,Bonnibelle,O'Monahan,bomonahan5z@newyorker.com,3/22/1936
217,Peg,Spini,pspini60@virginia.edu,2/12/1949
218,Wilma,Arington,warington61@sina.com.cn,2/20/1939
219,Sylvester,Tutchings,stutchings62@businessinsider.com,1/17/2017
220,Vyky,Ryles,vryles63@google.es,11/1/1970
221,Crystie,Camillo,ccamillo64@sakura.ne.jp,10/16/1988
222,Theresita,Stave,tstave65@amazonaws.com,8/9/1950
223,Stephine,Goforth,sgoforth66@fda.gov,9/4/1968
224,Daphne,Woolrich,dwoolrich67@soup.io,7/29/1954
225,Des,Petruska,dpetruska68@google.fr,11/16/1992
226,Nataline,Ellard,nellard69@google.ca,11/6/1951
227,Isis,Pryce,ipryce6a@slashdot.org,12/19/1968
228,Bertina,McKeady,bmckeady6b@mediafire.com,11/24/1951
229,Justinn,Stollard,jstollard6c@merriam-webster.com,8/18/2000
230,Becky,Yoxall,byoxall6d@cyberchimps.com,8/18/1980
231,Emmalee,Gouley,egouley6e@vistaprint.com,5/7/2007
232,Nona,Merrison,nmerrison6f@symantec.com,3/7/1998
233,Elmer,Buxy,ebuxy6g@bbb.org,6/17/2017
234,Cirillo,Heggison,cheggison6h@mail.ru,10/1/1941
235,Kincaid,Varden,kvarden6i@freewebs.com,4/24/2017
236,Juliet,Colleymore,jcolleymore6j@squarespace.com,1/18/2007
237,Shay,Claypool,sclaypool6k@ucla.edu,5/10/1940
238,Brigida,Pittway,bpittway6l@springer.com,2/14/1983
239,Kinsley,Swanton,kswanton6m@europa.eu,7/1/1992
240,Carley,Goodge,cgoodge6n@bloomberg.com,10/9/1929
241,Oberon,Goutcher,ogoutcher6o@pbs.org,9/9/1938
242,Kinny,Burch,kburch6p@pcworld.com,7/15/1985
243,Millisent,Ary,mary6q@slashdot.org,11/14/1946
244,Ingeborg,Corss,icorss6r@imgur.com,8/3/1936
245,Dukey,Walklott,dwalklott6s@studiopress.com,10/22/1919
246,Clementia,Rainton,crainton6t@bbc.co.uk,4/27/1984
247,Madelina,Linbohm,mlinbohm6u@marriott.com,10/4/2010
248,Boothe,Stockney,bstockney6v@google.com.hk,5/1/1939
249,Daniella,Whitney,dwhitney6w@imgur.com,10/24/1997
250,Brenna,Shanks,bshanks6x@homestead.com,9/24/1967
251,Trixie,Armour,tarmour6y@shinystat.com,3/31/1982
252,Darrick,Sterman,dsterman6z@fda.gov,4/13/1982
253,Koren,O'Toole,kotoole70@msn.com,10/30/2009
254,Kareem,Aldham,kaldham71@wordpress.org,5/10/1918
255,Frederique,Nower,fnower72@indiatimes.com,3/3/1930
256,Jehu,Satch,jsatch73@ehow.com,7/19/1975
257,Talyah,Card,tcard74@hud.gov,11/1/1959
258,Aurelia,Wisby,awisby75@sfgate.com,11/13/2010
259,Etta,Shepeard,eshepeard76@army.mil,5/8/1956
260,Saunderson,McCurt,smccurt77@google.fr,11/10/1972
261,Kearney,Abbison,kabbison78@google.com.br,3/17/1966
262,Harwilll,Thireau,hthireau79@paypal.com,3/7/2008
263,Bob,Duplain,bduplain7a@clickbank.net,7/17/1959
264,Nobe,Spaice,nspaice7b@eventbrite.com,8/12/1994
265,Honoria,Daniell,hdaniell7c@sphinn.com,8/29/1958
266,Bryanty,Stiebler,bstiebler7d@comsenz.com,7/28/1987
267,Lowell,Peagram,lpeagram7e@time.com,1/30/1921
268,Ellerey,Crayke,ecrayke7f@symantec.com,4/15/1953
269,Lucille,Johananov,ljohananov7g@cdbaby.com,2/17/1999
270,Web,Caccavale,wcaccavale7h@wix.com,12/3/2009
271,Florencia,Roggers,froggers7i@cbc.ca,6/15/1952
272,Rebekkah,Cockrem,rcockrem7j@dot.gov,11/1/2017
273,Nolly,Ebi,nebi7k@nsw.gov.au,10/19/2016
274,Trey,Sackur,tsackur7l@answers.com,1/3/1988
275,Albina,Inkpen,ainkpen7m@umich.edu,1/2/1930
276,Merna,Jillitt,mjillitt7n@wikispaces.com,3/22/1951
277,Chaunce,MacCurley,cmaccurley7o@tiny.cc,5/9/1945
278,Jaquith,Figgess,jfiggess7p@java.com,2/23/1940
279,Brucie,Jermey,bjermey7q@ca.gov,9/7/1978
280,Othilie,Tyreman,otyreman7r@jiathis.com,4/29/1919
281,Diarmid,Instone,dinstone7s@netvibes.com,7/27/1981
282,Elsworth,McGlaud,emcglaud7t@qq.com,8/3/2016
283,Sawyer,Boxall,sboxall7u@discovery.com,7/14/1948
284,Chelsae,Spawforth,cspawforth7v@omniture.com,8/9/1983
285,Dmitri,Behnecken,dbehnecken7w@a8.net,7/12/1958
286,Doreen,Leere,dleere7x@toplist.cz,9/11/1979
287,Zackariah,Barnhill,zbarnhill7y@oakley.com,2/9/1986
288,Babette,Grenkov,bgrenkov7z@apple.com,5/7/1963
289,Rutger,Tisun,rtisun80@hexun.com,6/27/1948
290,Brnaba,Van der Beken,bvanderbeken81@fema.gov,12/6/1941
291,Myron,Balf,mbalf82@walmart.com,2/23/1977
292,Ranique,Sissel,rsissel83@hud.gov,10/2/1917
293,Colver,Bendik,cbendik84@uiuc.edu,8/23/2015
294,Happy,Marians,hmarians85@jugem.jp,5/20/1961
295,Jade,Olphert,jolphert86@dedecms.com,5/11/1954
296,Amalie,Gaffon,agaffon87@latimes.com,8/10/1968
297,Aurelie,Cooksley,acooksley88@cbc.ca,8/8/1973
298,Estel,Boyfield,eboyfield89@blog.com,11/20/1930
299,Cinderella,Maffione,cmaffione8a@businesswire.com,11/21/1964
300,Ericha,Conrart,econrart8b@wufoo.com,10/5/2010
301,Timi,Measor,tmeasor8c@telegraph.co.uk,6/13/1973
302,Hamel,Linkie,hlinkie8d@clickbank.net,3/28/1956
303,Hetti,Whiskin,hwhiskin8e@gizmodo.com,2/15/1939
304,Tomi,Dives,tdives8f@vkontakte.ru,6/4/1985
305,Archy,Ambrosoli,aambrosoli8g@usa.gov,6/5/1970
306,Page,Le Barr,plebarr8h@cnn.com,7/18/1947
307,Noni,Allonby,nallonby8i@goodreads.com,11/26/1926
308,Kristo,Ramiro,kramiro8j@mapquest.com,8/2/1976
309,Christoph,Cheake,ccheake8k@friendfeed.com,4/11/1949
310,Lindsey,Petrecz,lpetrecz8l@trellian.com,2/19/1973
311,Mariana,Birtchnell,mbirtchnell8m@sun.com,5/25/1919
312,Sam,Keppin,skeppin8n@example.com,7/7/1998
313,Davon,Stocker,dstocker8o@tripadvisor.com,10/29/1980
314,Adrianna,Ebanks,aebanks8p@altervista.org,7/9/1975
315,Claudelle,Whittam,cwhittam8q@nba.com,2/7/1925
316,Prudi,Aspling,paspling8r@simplemachines.org,2/2/2014
317,Alfy,Hindmoor,ahindmoor8s@sfgate.com,10/16/1925
318,Ellene,Gurnay,egurnay8t@biblegateway.com,9/11/1951
319,Ivory,Mebs,imebs8u@baidu.com,4/30/1943
320,Kristoforo,Swire,kswire8v@istockphoto.com,6/4/1940
321,Buiron,Rubrow,brubrow8w@google.ru,8/21/1953
322,Nathalie,Spoerl,nspoerl8x@walmart.com,10/1/1959
323,Bondy,Redit,bredit8y@delicious.com,6/18/1981
324,Marlene,Duesbury,mduesbury8z@dagondesign.com,11/28/1943
325,Cassius,Palfrie,cpalfrie90@icq.com,1/31/1993
326,Wolfy,Puncher,wpuncher91@free.fr,12/11/1989
327,Robinetta,Clapp,rclapp92@webmd.com,6/29/2013
328,Ninnette,Elsey,nelsey93@cbslocal.com,11/17/2009
329,Avery,Chsteney,achsteney94@ehow.com,12/15/1994
330,Cleve,Sennett,csennett95@theglobeandmail.com,2/14/1951
331,Joe,Czaple,jczaple96@merriam-webster.com,6/6/2016
332,Justinian,Keward,jkeward97@histats.com,11/28/1926
333,Fran,Aphale,faphale98@umich.edu,1/27/1988
334,Llewellyn,Renahan,lrenahan99@redcross.org,9/5/1992
335,Janet,Logue,jlogue9a@intel.com,12/11/1949
336,Chelsae,Coopey,ccoopey9b@blinklist.com,3/17/1943
337,Ofelia,Cass,ocass9c@feedburner.com,10/16/1955
338,Austin,Hurles,ahurles9d@1688.com,11/22/1997
339,Agathe,Lemmertz,alemmertz9e@w3.org,12/18/1941
340,Meir,Higgan,mhiggan9f@bigcartel.com,5/6/1965
341,Jessy,O'Nions,jonions9g@alibaba.com,8/7/1919
342,Emmalee,Peppin,epeppin9h@google.com.hk,3/4/1939
343,Yanaton,Munby,ymunby9i@soundcloud.com,1/28/1953
344,Mischa,Ingraham,mingraham9j@cdbaby.com,1/24/1921
345,Elsbeth,Walsh,ewalsh9k@wikimedia.org,9/25/1958
346,Leslie,Curtoys,lcurtoys9l@unc.edu,5/16/1955
347,Clementine,Driffield,cdriffield9m@pcworld.com,12/30/1994
348,Gayle,Crosham,gcrosham9n@tiny.cc,4/6/1939
349,Kirbee,de Tocqueville,kdetocqueville9o@noaa.gov,7/8/1924
350,Chet,Illsley,cillsley9p@wiley.com,8/5/1999
351,Leona,Pughsley,lpughsley9q@dot.gov,1/18/1919
352,Lidia,Mines,lmines9r@comcast.net,6/20/1934
353,Caressa,MacClay,cmacclay9s@about.com,12/6/1954
354,Matilde,Spira,mspira9t@go.com,7/15/1977
355,Florri,Kurtis,fkurtis9u@lycos.com,5/29/1947
356,Simona,Stiegers,sstiegers9v@nyu.edu,7/22/1929
357,Malissa,Yannoni,myannoni9w@scientificamerican.com,12/28/1938
358,Arte,Sleaford,asleaford9x@hexun.com,10/26/1995
359,Brana,Horning,bhorning9y@utexas.edu,4/20/1979
360,Cole,Drohane,cdrohane9z@ehow.com,10/1/1930
361,Jana,Segoe,jsegoea0@cnet.com,11/22/2008
362,Law,Ary,larya1@baidu.com,1/8/1943
363,Constance,Krale,ckralea2@i2i.jp,10/6/1942
364,Rae,Summerson,rsummersona3@linkedin.com,1/2/1957
365,Harri,Dryden,hdrydena4@globo.com,12/8/1984
366,Claudine,Ritter,crittera5@1688.com,6/7/1992
367,Neron,Friedlos,nfriedlosa6@vimeo.com,1/15/1997
368,Codee,Fyfe,cfyfea7@tumblr.com,2/22/1979
369,Collen,Woodwin,cwoodwina8@chron.com,10/8/2013
370,Dasya,Boddis,dboddisa9@ucsd.edu,7/23/1999
371,Cindra,Fairchild,cfairchildaa@pagesperso-orange.fr,4/15/2018
372,Celesta,Frudd,cfruddab@intel.com,6/28/2017
373,Heida,Shear,hshearac@goo.gl,8/8/1925
374,Rebecka,Francey,rfranceyad@hexun.com,8/29/1973
375,Nataline,Jeacop,njeacopae@google.co.uk,5/24/1981
376,Gasparo,Goodinson,ggoodinsonaf@discuz.net,3/16/1998
377,Judon,Stiebler,jstieblerag@printfriendly.com,5/12/1956
378,Evelyn,Guiet,eguietah@jimdo.com,4/1/1961
379,Tyrone,Tuma,ttumaai@networksolutions.com,4/2/1988
380,Dell,Speer,dspeeraj@comcast.net,1/8/1928
381,Minerva,Southgate,msouthgateak@people.com.cn,3/15/2004
382,Joby,Hamshaw,jhamshawal@printfriendly.com,8/11/1950
383,Norah,Jeyes,njeyesam@bloglovin.com,10/14/1983
384,Harrison,Mewrcik,hmewrcikan@vinaora.com,6/19/1998
385,Dominga,Davidovich,ddavidovichao@forbes.com,4/30/1990
386,Bambi,Pawelski,bpawelskiap@accuweather.com,3/29/1957
387,Frank,Andrusyak,fandrusyakaq@skype.com,1/1/1980
388,Paulie,Lanfere,planferear@samsung.com,8/25/1971
389,Jaimie,Bertrand,jbertrandas@amazon.com,12/6/2003
390,Starla,Jacombs,sjacombsat@google.fr,12/3/1964
391,Bartram,Ind,bindau@themeforest.net,8/28/1977
392,Karita,Dupey,kdupeyav@multiply.com,7/22/1985
393,Margery,Frossell,mfrossellaw@pen.io,8/4/1933
394,Lorens,Thompsett,lthompsettax@typepad.com,3/5/1932
395,Shena,Aberkirdo,saberkirdoay@earthlink.net,12/9/2007
396,Lexie,Petz,lpetzaz@mediafire.com,1/18/1982
397,Benedict,Tetther,btettherb0@irs.gov,5/4/1931
398,Maia,Rugieri,mrugierib1@topsy.com,9/16/1954
399,Clayson,Sutty,csuttyb2@mozilla.com,11/22/1928
400,Bent,Kaley,bkaleyb3@smh.com.au,8/16/1976
401,Leland,Kassel,lkasselb4@google.de,12/10/1990
402,Callie,Sewart,csewartb5@clickbank.net,9/29/1988
403,Bertina,Percy,bpercyb6@ftc.gov,3/16/1926
404,Dave,Cohn,dcohnb7@friendfeed.com,8/2/1978
405,Charo,Hundall,chundallb8@comsenz.com,7/19/2003
406,Cheslie,Greveson,cgrevesonb9@skype.com,12/13/1937
407,Idette,Angelini,iangeliniba@independent.co.uk,6/25/1986
408,George,Schindler,gschindlerbb@cyberchimps.com,8/12/1985
409,Timoteo,Dayer,tdayerbc@sina.com.cn,5/11/1921
410,Moore,Spillman,mspillmanbd@huffingtonpost.com,4/8/2013
411,Cornie,Drain,cdrainbe@simplemachines.org,9/21/1947
412,Jarrid,Upton,juptonbf@hubpages.com,9/23/1983
413,Elisabeth,Hiers,ehiersbg@columbia.edu,10/15/1992
414,Wilbur,Fraine,wfrainebh@themeforest.net,7/16/1934
415,Oby,Senyard,osenyardbi@ning.com,11/18/1965
416,Konrad,Rounsivall,krounsivallbj@ucsd.edu,9/12/1970
417,Jodie,Tetley,jtetleybk@weebly.com,10/18/1927
418,Yasmin,Pothbury,ypothburybl@fastcompany.com,3/4/1936
419,Sashenka,Aulds,sauldsbm@cpanel.net,5/28/1980
420,Sandor,Gusney,sgusneybn@people.com.cn,8/29/1926
421,Gray,Thibodeaux,gthibodeauxbo@bandcamp.com,10/31/1942
422,Kylynn,Wooffitt,kwooffittbp@google.ru,10/16/1980
423,Thornie,Nanni,tnannibq@ftc.gov,7/11/1925
424,Harriett,Sutherby,hsutherbybr@feedburner.com,9/18/1946
425,Freddie,Clothier,fclothierbs@free.fr,4/1/2015
426,Benjamen,Eddins,beddinsbt@google.co.uk,6/5/1994
427,Marlane,Dunbobin,mdunbobinbu@qq.com,9/15/2005
428,Kellie,Halsall,khalsallbv@netvibes.com,11/2/2004
429,Florette,Hellyar,fhellyarbw@myspace.com,1/17/1990
430,Trudy,Meece,tmeecebx@answers.com,3/24/2010
431,Susette,Glasscoe,sglasscoeby@mapquest.com,5/29/1964
432,Eran,Coughtrey,ecoughtreybz@timesonline.co.uk,12/22/1953
433,Peta,Hagley,phagleyc0@umich.edu,10/17/1937
434,Gates,Limpenny,glimpennyc1@loc.gov,3/17/1974
435,Delia,Redish,dredishc2@yahoo.com,5/4/1990
436,Barthel,Hattiff,bhattiffc3@nifty.com,2/1/1927
437,Kiel,Hodgin,khodginc4@yandex.ru,8/17/1991
438,Edmund,Shergill,eshergillc5@constantcontact.com,1/26/1956
439,Katuscha,Athelstan,kathelstanc6@alibaba.com,10/16/1993
440,Crista,D'Onise,cdonisec7@msn.com,4/4/2015
441,Jewell,Lissett,jlissettc8@yale.edu,4/21/1966
442,Becki,Thicking,bthickingc9@com.com,9/16/1994
443,Nickolai,Johannes,njohannesca@goo.ne.jp,5/7/1940
444,Katlin,Rawcliffe,krawcliffecb@oaic.gov.au,9/4/2013
445,Atalanta,Silly,asillycc@berkeley.edu,2/22/1996
446,Sheila-kathryn,Saphir,ssaphircd@loc.gov,3/10/1939
447,Yardley,Gilhouley,ygilhouleyce@clickbank.net,7/17/1922
448,Sebastiano,Platts,splattscf@sbwire.com,1/22/1986
449,Joceline,Booy,jbooycg@cam.ac.uk,5/21/1967
450,Christian,Cornils,ccornilsch@cnn.com,3/21/1941
451,Adrien,Besse,abesseci@narod.ru,4/21/1982
452,Bridie,Tremellan,btremellancj@deviantart.com,2/15/1954
453,Norine,Mion,nmionck@fotki.com,12/4/2007
454,Madelene,Neligan,mneligancl@addtoany.com,7/29/1931
455,Celestia,Petow,cpetowcm@discuz.net,6/8/1932
456,Patty,Heigho,pheighocn@csmonitor.com,6/15/1940
457,Aubry,Cristofori,acristoforico@ifeng.com,10/15/2001
458,Jessy,Heymes,jheymescp@pinterest.com,11/4/1945
459,Herta,Menpes,hmenpescq@cnn.com,10/12/1954
460,Cullen,Mathy,cmathycr@dell.com,10/6/1978
461,Carmella,Reuther,creuthercs@cyberchimps.com,12/19/1980
462,Graehme,Bignold,gbignoldct@sourceforge.net,11/24/1989
463,Jamil,McQuarter,jmcquartercu@cafepress.com,2/24/1929
464,Kim,Dyte,kdytecv@sohu.com,2/23/1972
465,Joice,Wealthall,jwealthallcw@ed.gov,4/19/1958
466,Richmound,Slaight,rslaightcx@google.es,1/9/2001
467,Morgan,Mines,mminescy@networksolutions.com,7/5/1974
468,Daisie,Kamien,dkamiencz@va.gov,11/25/2000
469,Daloris,Dudeney,ddudeneyd0@seesaa.net,1/15/1971
470,Karole,Josefsen,kjosefsend1@alexa.com,11/1/1958
471,Rolfe,Vigneron,rvignerond2@quantcast.com,1/12/1953
472,Enrichetta,Bonnavant,ebonnavantd3@wordpress.com,12/19/1984
473,Homere,Goodie,hgoodied4@ebay.com,10/25/1990
474,Perice,Echlin,pechlind5@w3.org,8/17/1952
475,Allayne,Eakens,aeakensd6@e-recht24.de,1/28/1981
476,Udell,Jakubovsky,ujakubovskyd7@google.de,10/5/1966
477,Jewel,Gyngyll,jgyngylld8@dell.com,11/27/2012
478,Stacie,Cotty,scottyd9@goo.gl,5/16/2000
479,Aryn,Blanpein,ablanpeinda@apache.org,12/23/1945
480,Skylar,Whymark,swhymarkdb@edublogs.org,5/8/1970
481,Valentin,Klaves,vklavesdc@aboutads.info,8/20/1994
482,Liva,Howood,lhowooddd@apache.org,9/30/1927
483,Llewellyn,Knott,lknottde@wikia.com,7/8/1924
484,Bartlett,Polding,bpoldingdf@archive.org,12/27/1956
485,Gabrielle,Imlock,gimlockdg@time.com,8/21/1962
486,Eadmund,Syddon,esyddondh@tripadvisor.com,5/3/1933
487,Roderic,Canada,rcanadadi@sina.com.cn,5/30/1939
488,Nicolai,Mingame,nmingamedj@gov.uk,2/18/1925
489,Ronny,Crust,rcrustdk@salon.com,3/24/1986
490,Ninetta,Robun,nrobundl@naver.com,4/17/1928
491,Jordanna,Allsep,jallsepdm@digg.com,9/2/2015
492,Guenna,Tinto,gtintodn@cyberchimps.com,8/10/1981
493,Dael,Jankiewicz,djankiewiczdo@e-recht24.de,3/13/1984
494,Dolores,Whitaker,dwhitakerdp@seattletimes.com,5/22/1977
495,Violetta,Cardello,vcardellodq@va.gov,11/3/1997
496,Reyna,Saltman,rsaltmandr@feedburner.com,8/6/1932
497,Elka,Simione,esimioneds@walmart.com,2/23/1978
498,Vannie,Menghi,vmenghidt@gmpg.org,1/19/1946
499,Lari,Brogini,lbroginidu@timesonline.co.uk,9/11/1932
500,Justinian,Di Biasio,jdibiasiodv@ted.com,7/27/1990
501,Lutero,Caughey,lcaugheydw@seesaa.net,5/2/2011
502,Cristie,De Metz,cdemetzdx@yellowbook.com,12/9/1918
503,Rochelle,Hanshaw,rhanshawdy@ft.com,5/4/1999
504,Elnore,Syres,esyresdz@scribd.com,11/6/1962
505,Nicoli,Fripps,nfrippse0@wisc.edu,9/26/1959
506,Shanda,Byrom,sbyrome1@networkadvertising.org,4/23/1952
507,Henry,Gudgen,hgudgene2@bloomberg.com,5/4/1943
508,Felicio,Eacle,feaclee3@amazon.co.jp,12/19/1985
509,Camila,Haymes,chaymese4@blogtalkradio.com,12/2/1935
510,Duff,Aylward,daylwarde5@list-manage.com,9/25/1988
511,Kara,Leet,kleete6@newyorker.com,7/23/2002
512,Glenine,Solomon,gsolomone7@google.com.au,11/17/1944
513,Lori,Sherwood,lsherwoode8@dagondesign.com,12/19/1981
514,Elbert,Smitherham,esmitherhame9@cyberchimps.com,4/28/1995
515,Rosa,Garlicke,rgarlickeea@harvard.edu,3/22/1973
516,Waylin,Seear,wseeareb@oaic.gov.au,8/23/2010
517,Gearard,Hawkyens,ghawkyensec@thetimes.co.uk,8/13/1936
518,Julia,Riseborough,jriseboroughed@google.cn,12/28/1955
519,Angil,Thames,athamesee@yellowbook.com,9/24/1988
520,Morgen,Dmitr,mdmitref@jiathis.com,11/13/1972
521,Aaren,Mash,amasheg@ed.gov,2/15/2016
522,Stefania,Leggen,sleggeneh@photobucket.com,5/31/2009
523,Evanne,Rayment,eraymentei@amazon.com,10/15/2010
524,Karel,Bazoge,kbazogeej@answers.com,12/29/1970
525,Filberte,Moyer,fmoyerek@statcounter.com,8/19/1929
526,Melosa,Aronstein,maronsteinel@friendfeed.com,8/15/1925
527,Bonita,Habert,bhabertem@linkedin.com,8/28/1971
528,Fredi,Dugmore,fdugmoreen@histats.com,11/2/1927
529,Vi,Caffery,vcafferyeo@typepad.com,7/19/1961
530,Jesse,Felgat,jfelgatep@sina.com.cn,8/11/1990
531,Bailie,Adamthwaite,badamthwaiteeq@digg.com,2/5/1939
532,Maible,Greasley,mgreasleyer@google.com.hk,8/5/1967
533,Horacio,Shuxsmith,hshuxsmithes@qq.com,7/6/1990
534,Northrup,Kiljan,nkiljanet@huffingtonpost.com,1/16/1969
535,Matelda,Bilovsky,mbilovskyeu@ifeng.com,11/1/1934
536,Gui,Rotter,grotterev@xrea.com,7/17/1926
537,Susan,Wolstencroft,swolstencroftew@independent.co.uk,7/19/1998
538,Shermy,Barradell,sbarradellex@army.mil,1/11/1986
539,Gertrude,Pithie,gpithieey@php.net,4/3/1949
540,Gusty,Whitticks,gwhitticksez@accuweather.com,3/13/1924
541,Chandler,Dineen,cdineenf0@4shared.com,6/21/1923
542,Quint,Norster,qnorsterf1@blinklist.com,7/2/1987
543,Therine,Delia,tdeliaf2@goo.gl,2/26/2000
544,Bertrand,Gorgler,bgorglerf3@weibo.com,11/21/1917
545,Jonis,Luck,jluckf4@state.tx.us,10/4/1997
546,Amery,Veitch,aveitchf5@google.com.br,5/4/1988
547,Paolo,O'Hara,poharaf6@adobe.com,12/4/1962
548,Ronalda,Mundall,rmundallf7@stumbleupon.com,5/5/1998
549,Lani,Odney,lodneyf8@studiopress.com,7/4/1987
550,Sheree,Blaschke,sblaschkef9@cnn.com,9/25/1965
551,Alvan,O'Dooghaine,aodooghainefa@youtube.com,2/9/1994
552,Chelsey,Perago,cperagofb@php.net,9/22/1934
553,Con,Fullstone,cfullstonefc@free.fr,5/2/1964
554,Luce,Gian,lgianfd@quantcast.com,2/14/2011
555,Guillermo,MacIlurick,gmacilurickfe@goo.ne.jp,3/15/1919
556,Elinor,Knellen,eknellenff@wordpress.org,6/29/1930
557,Gayleen,Pepye,gpepyefg@answers.com,5/22/1926
558,Ivett,Francescoccio,ifrancescocciofh@yellowbook.com,12/18/1991
559,Niven,Arnowicz,narnowiczfi@cdbaby.com,3/28/1939
560,Frances,Minnette,fminnettefj@smugmug.com,9/27/2014
561,Sampson,Gilliard,sgilliardfk@webnode.com,11/7/1917
562,Vinny,Keyser,vkeyserfl@cbc.ca,6/25/1978
563,Vicki,Guard,vguardfm@latimes.com,2/12/1994
564,Anatol,Johnston,ajohnstonfn@biglobe.ne.jp,7/19/1959
565,Delila,Parton,dpartonfo@myspace.com,6/17/1998
566,Kirstin,Venour,kvenourfp@narod.ru,5/29/2010
567,Mariquilla,Longlands,mlonglandsfq@zdnet.com,8/28/1967
568,Eamon,Purkess,epurkessfr@furl.net,3/17/1953
569,Grata,Brands,gbrandsfs@last.fm,8/13/1980
570,Brittaney,Lett,blettft@msn.com,9/17/2017
571,Cob,Barrington,cbarringtonfu@tripadvisor.com,3/27/1972
572,Libbie,Wandrack,lwandrackfv@omniture.com,5/23/1992
573,Norrie,Charlewood,ncharlewoodfw@java.com,10/31/1922
574,Lem,Lorain,llorainfx@netlog.com,7/9/2001
575,Jacquelyn,Cervantes,jcervantesfy@omniture.com,12/18/1944
576,Thaddeus,Kinningley,tkinningleyfz@t.co,9/14/1975
577,Padget,Reddell,preddellg0@mlb.com,12/16/1918
578,Sigismond,Sango,ssangog1@cdbaby.com,3/11/1924
579,Jewel,Baggett,jbaggettg2@bing.com,1/4/2001
580,Vassili,Osler,voslerg3@unesco.org,7/26/1936
581,Von,Asp,vaspg4@army.mil,10/2/1947
582,Barnett,Kilgannon,bkilgannong5@constantcontact.com,1/19/1975
583,Janina,Allward,jallwardg6@tumblr.com,10/29/1981
584,Florrie,Kilbee,fkilbeeg7@rakuten.co.jp,7/9/1993
585,Whitney,Harkins,wharkinsg8@youku.com,9/2/1938
586,Sharron,Mossom,smossomg9@flickr.com,6/28/1927
587,Margarita,Mableson,mmablesonga@4shared.com,3/12/1950
588,Alidia,Van der Merwe,avandermerwegb@imgur.com,1/16/2011
589,Adams,Giovanetti,agiovanettigc@youtu.be,4/5/1928
590,Godart,Vazquez,gvazquezgd@noaa.gov,3/18/1942
591,Frazier,Turban,fturbange@hp.com,6/4/1938
592,Jazmin,Ible,jiblegf@virginia.edu,7/6/1978
593,Reinald,Surtees,rsurteesgg@accuweather.com,11/29/1957
594,Wat,Tortoise,wtortoisegh@sogou.com,4/2/2005
595,Gratia,Tankus,gtankusgi@parallels.com,8/24/1974
596,Chloris,Dunsmuir,cdunsmuirgj@seattletimes.com,7/8/1992
597,Leanna,Rounsefell,lrounsefellgk@washingtonpost.com,5/20/1976
598,Florence,Yakubovich,fyakubovichgl@typepad.com,3/26/1932
599,Daniel,Farriar,dfarriargm@huffingtonpost.com,12/12/1946
600,Roch,Culp,rculpgn@jimdo.com,7/1/1961
601,Georgeta,Doey,gdoeygo@paypal.com,5/23/1925
602,Dick,Tinkler,dtinklergp@buzzfeed.com,7/21/1972
603,Melba,Parzis,mparzisgq@wordpress.org,5/16/1993
604,Gayel,Levay,glevaygr@fda.gov,6/24/1966
605,Randa,Rummer,rrummergs@diigo.com,7/23/1918
606,Erhard,Groom,egroomgt@addtoany.com,12/4/1931
607,Meg,Santoro,msantorogu@hubpages.com,1/27/2008
608,Mandi,Schach,mschachgv@amazon.co.uk,12/28/1962
609,Florinda,Fifoot,ffifootgw@mapquest.com,1/17/1998
610,Nye,Pinwell,npinwellgx@google.com,7/5/1949
611,Budd,Sagg,bsagggy@ezinearticles.com,12/29/2011
612,Dione,Rawes,drawesgz@noaa.gov,1/6/1968
613,Janey,Venables,jvenablesh0@mtv.com,2/5/2010
614,Koralle,Trematick,ktrematickh1@umn.edu,3/13/1951
615,Haslett,Autie,hautieh2@nationalgeographic.com,7/20/1932
616,Nance,Penny,npennyh3@vinaora.com,7/25/1932
617,Dorrie,Cestard,dcestardh4@paypal.com,11/14/1968
618,Arlen,Savidge,asavidgeh5@senate.gov,11/5/1971
619,Toiboid,Pindell,tpindellh6@biblegateway.com,6/2/1969
620,Alberto,Stailey,astaileyh7@fema.gov,8/23/1992
621,Ray,Baskwell,rbaskwellh8@imageshack.us,7/17/1964
622,Benny,O'Docherty,bodochertyh9@nbcnews.com,10/1/1984
623,Georas,Verchambre,gverchambreha@xing.com,5/13/2013
624,Gustave,Belly,gbellyhb@hud.gov,3/15/2015
625,Gerek,Stonard,gstonardhc@npr.org,4/27/1943
626,Ilyssa,Kynge,ikyngehd@examiner.com,9/20/2005
627,Dacey,Rawes,draweshe@yelp.com,9/27/1998
628,Kelci,Klimashevich,kklimashevichhf@comsenz.com,12/7/1928
629,Silas,Sumers,ssumershg@hostgator.com,11/1/1999
630,Finlay,Yearsley,fyearsleyhh@nature.com,8/10/1962
631,Cris,Cator,ccatorhi@quantcast.com,1/13/1961
632,Bevan,Aim,baimhj@ed.gov,12/22/1993
633,Warden,Pahl,wpahlhk@businesswire.com,5/25/1926
634,Ignazio,Penson,ipensonhl@flavors.me,1/25/1940
635,Ingamar,Cheek,icheekhm@diigo.com,10/5/1986
636,Henderson,Lowell,hlowellhn@yandex.ru,8/31/2009
637,Jeffie,Hryniewicz,jhryniewiczho@army.mil,10/23/1941
638,Townsend,Bickle,tbicklehp@forbes.com,12/2/1956
639,Manfred,Ingold,mingoldhq@1688.com,4/16/1967
640,Issie,Grimsdith,igrimsdithhr@gmpg.org,10/3/1920
641,Bobbie,Pabel,bpabelhs@wunderground.com,7/21/1986
642,Gina,Loynes,gloynesht@clickbank.net,1/22/1986
643,Lauralee,Gherardelli,lgherardellihu@timesonline.co.uk,4/3/1963
644,Melina,Maleby,mmalebyhv@miitbeian.gov.cn,1/17/1999
645,Noland,Kennham,nkennhamhw@angelfire.com,10/31/1955
646,Davin,Ramm,drammhx@shutterfly.com,5/10/2001
647,Glenn,Gladhill,ggladhillhy@google.com.au,10/31/1991
648,Jarvis,Millsap,jmillsaphz@canalblog.com,12/26/1953
649,Percy,Paulich,ppaulichi0@about.me,10/31/1939
650,Charles,Wedderburn,cwedderburni1@sakura.ne.jp,4/7/2009
651,Algernon,Erswell,aerswelli2@cdbaby.com,1/7/1920
652,Emilee,Raspel,eraspeli3@clickbank.net,1/16/1945
653,Matilde,Quinton,mquintoni4@sun.com,8/9/2015
654,Desi,Tilling,dtillingi5@mashable.com,6/25/1921
655,Stephie,Faulconer,sfaulconeri6@mtv.com,8/22/1994
656,Miguela,Sabatier,msabatieri7@jugem.jp,9/29/2015
657,Antoine,Hillborne,ahillbornei8@exblog.jp,2/21/1939
658,Zaccaria,Reeds,zreedsi9@chron.com,7/24/1984
659,Jerrylee,O'Dowling,jodowlingia@livejournal.com,11/2/1940
660,Tandi,Boodle,tboodleib@qq.com,4/19/1990
661,Harlin,Philcott,hphilcottic@ucoz.com,4/8/1918
662,Perry,Kinde,pkindeid@rakuten.co.jp,9/15/2001
663,Jena,Faye,jfayeie@shareasale.com,12/30/1964
664,Tammie,Horlick,thorlickif@slideshare.net,7/18/1956
665,Raquel,Portal,rportalig@nature.com,1/17/1951
666,Jerrome,Eivers,jeiversih@webmd.com,1/6/1925
667,Ross,Lithgow,rlithgowii@123-reg.co.uk,3/14/1927
668,Sergio,Ratledge,sratledgeij@irs.gov,10/27/1953
669,Leeanne,Swalwell,lswalwellik@hud.gov,5/27/1969
670,Wilmette,Karolyi,wkarolyiil@stanford.edu,11/7/1930
671,Syd,Achrameev,sachrameevim@timesonline.co.uk,11/27/1958
672,Carlie,Niave,cniavein@dell.com,3/14/1990
673,Cyndy,Isard,cisardio@aboutads.info,4/27/1968
674,Alison,Edworthy,aedworthyip@hexun.com,6/7/1955
675,Marlin,Lebourn,mlebourniq@cafepress.com,3/15/1921
676,Arv,Fitzpatrick,afitzpatrickir@fastcompany.com,8/10/1936
677,Chevy,Skitteral,cskitteralis@japanpost.jp,1/5/1928
678,Rosina,Elsdon,relsdonit@redcross.org,8/20/1969
679,Zachary,Hinder,zhinderiu@businessweek.com,6/19/1935
680,Dino,Jackalin,djackaliniv@cdbaby.com,4/4/1991
681,Lawton,Batrop,lbatropiw@nature.com,11/6/1924
682,Rudiger,Snibson,rsnibsonix@psu.edu,8/1/1959
683,Rowland,Broadbury,rbroadburyiy@va.gov,3/7/1996
684,Gilemette,Vauls,gvaulsiz@printfriendly.com,6/5/1917
685,Waly,Rominov,wrominovj0@ucoz.com,5/18/1939
686,Heinrick,Pawelek,hpawelekj1@ibm.com,12/12/2015
687,Fleurette,Englefield,fenglefieldj2@phoca.cz,10/13/1989
688,Willy,Durrans,wdurransj3@seesaa.net,9/13/2001
689,Ray,Ronayne,rronaynej4@examiner.com,5/24/1927
690,Osmond,Vernau,overnauj5@plala.or.jp,4/3/1924
691,Milo,Flicker,mflickerj6@ibm.com,7/28/1998
692,Tobe,Smitherman,tsmithermanj7@mozilla.org,8/8/1990
693,Rafaelita,Coping,rcopingj8@sakura.ne.jp,1/21/1960
694,Reagen,Kusick,rkusickj9@wordpress.org,6/16/1996
695,Everett,Cansdell,ecansdellja@domainmarket.com,8/29/1961
696,Brant,Lotwich,blotwichjb@ed.gov,3/2/2007
697,Colman,Sarten,csartenjc@aboutads.info,5/6/1920
698,Tony,Melvin,tmelvinjd@icio.us,12/6/2007
699,Tabb,Durnell,tdurnellje@nba.com,2/11/1939
700,Obediah,Humfrey,ohumfreyjf@google.cn,2/9/1948
701,Lester,Linturn,llinturnjg@xinhuanet.com,6/20/1927
702,Jill,Longbothom,jlongbothomjh@comsenz.com,3/7/1977
703,Danna,Kerswell,dkerswellji@xing.com,9/22/1997
704,Keefe,Clemmow,kclemmowjj@hatena.ne.jp,6/28/1969
705,Flem,Mothersole,fmothersolejk@sciencedaily.com,8/1/2004
706,Jerrine,Brear,jbrearjl@answers.com,7/11/1934
707,Sena,Grunson,sgrunsonjm@arstechnica.com,5/31/1945
708,Claudell,McIlmorow,cmcilmorowjn@statcounter.com,8/24/1932
709,Vilma,MacAndreis,vmacandreisjo@harvard.edu,5/19/1992
710,Christabel,Curcher,ccurcherjp@canalblog.com,9/14/1996
711,Carlyle,Cheyne,ccheynejq@flavors.me,10/1/1993
712,Kordula,Kubat,kkubatjr@hhs.gov,3/29/2009
713,Torrey,Strute,tstrutejs@salon.com,8/19/1936
714,Jilleen,Athy,jathyjt@wufoo.com,2/2/2006
715,Tresa,Hulcoop,thulcoopju@networkadvertising.org,12/16/2002
716,Flory,Keats,fkeatsjv@elegantthemes.com,9/1/1976
717,Maureen,Styles,mstylesjw@hostgator.com,5/10/1934
718,Sonja,Gravie,sgraviejx@instagram.com,3/31/1925
719,Jarrad,Joseff,jjoseffjy@google.ca,10/11/1959
720,Richardo,Menendes,rmenendesjz@alexa.com,5/17/1963
721,Nellie,Crewdson,ncrewdsonk0@ycombinator.com,1/5/1957
722,Carolynn,Hurd,churdk1@oaic.gov.au,9/2/1970
723,Curry,Volkes,cvolkesk2@linkedin.com,12/7/1999
724,Chariot,Oxtiby,coxtibyk3@oaic.gov.au,12/8/1981
725,Daren,Ruperto,drupertok4@nhs.uk,2/7/1961
726,Hildy,Bolingbroke,hbolingbrokek5@sbwire.com,7/26/2001
727,Corney,Jakovijevic,cjakovijevick6@ed.gov,3/6/1965
728,Jinny,Roch,jrochk7@wikimedia.org,1/31/1928
729,Magdaia,Kaindl,mkaindlk8@independent.co.uk,12/23/1957
730,Gustav,Shewon,gshewonk9@nbcnews.com,6/28/1949
731,Hayward,Drable,hdrableka@mozilla.org,3/2/1932
732,Julianne,Pagen,jpagenkb@yale.edu,11/29/1982
733,Juieta,Fleming,jflemingkc@feedburner.com,2/19/1956
734,Vyky,Davidson,vdavidsonkd@msu.edu,1/2/1921
735,Kile,Wannop,kwannopke@fema.gov,9/6/1967
736,Adriaens,Fantonetti,afantonettikf@last.fm,3/11/1947
737,Lefty,Hazeldine,lhazeldinekg@posterous.com,8/1/1973
738,Delmore,Bantham,dbanthamkh@jugem.jp,8/25/2015
739,Emmi,Oleszczak,eoleszczakki@google.pl,2/15/1947
740,Clay,Roll,crollkj@fda.gov,11/14/1984
741,Adina,Lazer,alazerkk@live.com,3/12/1946
742,Gertie,Hallwell,ghallwellkl@weibo.com,6/3/2017
743,Ardene,Callen,acallenkm@google.com.br,10/8/1994
744,Katleen,Binnion,kbinnionkn@nyu.edu,1/18/2011
745,Toddy,Breston,tbrestonko@feedburner.com,10/11/1930
746,Dru,Labusch,dlabuschkp@dedecms.com,9/10/1931
747,Brody,Scarsbrooke,bscarsbrookekq@xing.com,4/23/1938
748,Norina,Anespie,nanespiekr@discuz.net,12/29/1917
749,Eloisa,Crellin,ecrellinks@ftc.gov,5/13/1926
750,Benedicto,Asquez,basquezkt@cnn.com,9/19/2005
751,Sasha,Petley,spetleyku@de.vu,6/15/1920
752,Odille,Lyver,olyverkv@google.ca,1/16/1923
753,Kathryn,Whiteman,kwhitemankw@de.vu,10/21/1917
754,Patrizio,Redgrave,predgravekx@google.com.hk,1/30/1973
755,Brody,Childers,bchildersky@google.com.br,5/30/1961
756,Clayson,Ewington,cewingtonkz@japanpost.jp,12/27/1930
757,Ulrike,Gwilt,ugwiltl0@mit.edu,11/13/1918
758,Myrwyn,Fenty,mfentyl1@marketwatch.com,9/4/1931
759,Christoffer,Patrickson,cpatricksonl2@cnet.com,5/12/2014
760,Wood,Baptiste,wbaptistel3@netscape.com,5/16/1990
761,Idelle,Lethem,iletheml4@jugem.jp,12/3/1964
762,Stephannie,Koene,skoenel5@networkadvertising.org,9/9/1959
763,Savina,Stokey,sstokeyl6@ftc.gov,5/13/1966
764,Kirstyn,Demer,kdemerl7@nps.gov,8/17/1990
765,Rebe,Martinho,rmartinhol8@ameblo.jp,5/9/1978
766,Petr,Fardo,pfardol9@squarespace.com,8/14/1972
767,Far,Peterkin,fpeterkinla@vinaora.com,11/23/1931
768,Car,De Ruggero,cderuggerolb@qq.com,11/27/1938
769,Ashly,Sayton,asaytonlc@feedburner.com,5/4/1961
770,Adorne,Crichmer,acrichmerld@ycombinator.com,7/3/1937
771,Freda,Penhale,fpenhalele@wikispaces.com,10/31/1950
772,Teena,Emmert,temmertlf@amazon.de,3/6/1942
773,Mark,Youell,myouelllg@yolasite.com,12/3/2006
774,Kahlil,Infantino,kinfantinolh@ifeng.com,6/16/1925
775,Jere,Winterborne,jwinterborneli@ed.gov,9/13/1981
776,Faun,Drever,fdreverlj@dagondesign.com,6/5/2010
777,Estelle,Stellman,estellmanlk@loc.gov,6/12/2005
778,Arny,Ghiotto,aghiottoll@washingtonpost.com,5/4/1959
779,Georgine,Bortolini,gbortolinilm@phpbb.com,7/16/2001
780,Nisse,Vinall,nvinallln@unicef.org,11/4/1965
781,Delano,Camacho,dcamacholo@ow.ly,7/20/1961
782,Jenni,Harnetty,jharnettylp@360.cn,1/26/1982
783,Karney,Dangl,kdangllq@slideshare.net,1/12/1948
784,Adel,Cosins,acosinslr@ustream.tv,8/6/1917
785,Hadleigh,Berkley,hberkleyls@xing.com,11/20/1932
786,Aurlie,Duesbury,aduesburylt@youtu.be,3/4/1932
787,Caesar,Easbie,ceasbielu@fc2.com,7/25/1965
788,Somerset,Agass,sagasslv@cloudflare.com,7/4/1941
789,Jacqueline,Vanyukov,jvanyukovlw@europa.eu,1/15/1984
790,Robers,Kiggel,rkiggellx@github.com,7/28/1930
791,Brett,Gascoyen,bgascoyenly@ihg.com,6/6/1930
792,Janith,Tasseler,jtasselerlz@g.co,2/19/1962
793,Orly,Stud,ostudm0@japanpost.jp,2/24/1943
794,Maurizia,Johananov,mjohananovm1@omniture.com,3/26/2017
795,David,Halvosen,dhalvosenm2@theguardian.com,4/12/1937
796,Crawford,Holdforth,choldforthm3@army.mil,11/9/1937
797,Aubrie,Aslott,aaslottm4@gov.uk,8/25/2008
798,Phoebe,Gronow,pgronowm5@ebay.co.uk,3/17/2007
799,Belia,Hallock,bhallockm6@imgur.com,3/26/1965
800,Sidonnie,McEwan,smcewanm7@flavors.me,8/17/1926
801,Steffie,Dering,sderingm8@homestead.com,10/11/1917
802,Tabb,Leate,tleatem9@google.co.uk,3/25/1949
803,Lainey,Renehan,lrenehanma@dyndns.org,2/4/1937
804,Brit,Dalling,bdallingmb@google.pl,2/4/1978
805,Thea,Glading,tgladingmc@wp.com,5/13/1985
806,Victoria,Sutheran,vsutheranmd@theguardian.com,1/3/1958
807,Lauree,Regler,lreglerme@blog.com,8/20/1934
808,Rutherford,Godfroy,rgodfroymf@twitpic.com,10/30/2014
809,Gunther,Bladder,gbladdermg@seesaa.net,10/17/1968
810,Truman,Whiskerd,twhiskerdmh@about.me,12/6/1941
811,Wolfy,Stockdale,wstockdalemi@deviantart.com,2/19/1937
812,Zacharia,Dunckley,zdunckleymj@twitter.com,5/1/1958
813,Aubrey,Jantzen,ajantzenmk@4shared.com,10/8/2015
814,Idalina,Stolberger,istolbergerml@oakley.com,6/13/2003
815,Ban,McMullen,bmcmullenmm@goo.ne.jp,8/5/1970
816,Nanni,Serjeant,nserjeantmn@google.com.au,12/8/2005
817,Aymer,Truce,atrucemo@feedburner.com,8/24/1947
818,Raeann,Nelsen,rnelsenmp@ask.com,1/9/1963
819,Ariela,Killough,akilloughmq@over-blog.com,7/19/1982
820,Gertruda,Turbern,gturbernmr@ucoz.com,7/15/2016
821,Virgie,Gowlett,vgowlettms@google.co.uk,5/12/1931
822,Vassili,Adamczyk,vadamczykmt@gravatar.com,7/8/1925
823,Timofei,Bromehed,tbromehedmu@marketwatch.com,1/25/2003
824,Latia,Harkin,lharkinmv@purevolume.com,3/10/2002
825,Malchy,Breslau,mbreslaumw@artisteer.com,11/30/1930
826,Stephine,Towse,stowsemx@nationalgeographic.com,1/25/1940
827,Minda,Duell,mduellmy@berkeley.edu,12/2/1953
828,Maximilian,Dreossi,mdreossimz@dell.com,11/20/2002
829,Isak,Northill,inorthilln0@51.la,6/9/1973
830,Bernard,Convery,bconveryn1@deliciousdays.com,11/24/2007
831,Torin,Clears,tclearsn2@plala.or.jp,2/10/1980
832,Andris,Casemore,acasemoren3@addthis.com,10/5/1925
833,Neddy,Carse,ncarsen4@istockphoto.com,6/17/1975
834,Adolph,Thurgood,athurgoodn5@nifty.com,1/2/1954
835,Jennie,Redmire,jredmiren6@friendfeed.com,3/4/2001
836,Lenka,Corhard,lcorhardn7@mlb.com,3/8/1968
837,Junie,Biddiss,jbiddissn8@boston.com,2/9/1962
838,Dynah,Stepney,dstepneyn9@prnewswire.com,6/3/1985
839,Hugibert,MacCracken,hmaccrackenna@people.com.cn,9/11/2016
840,Jerrold,Trays,jtraysnb@rambler.ru,10/15/1970
841,Chase,Frohock,cfrohocknc@dagondesign.com,6/29/1958
842,Kendal,Whal,kwhalnd@de.vu,6/10/1922
843,Christiana,Verbrugghen,cverbrugghenne@boston.com,9/5/2001
844,Bernard,Grattan,bgrattannf@state.tx.us,10/27/1965
845,Audrey,Labbet,alabbetng@vinaora.com,8/12/1921
846,Scotty,Kearle,skearlenh@oracle.com,9/17/1950
847,Onfroi,Bellfield,obellfieldni@yellowbook.com,2/28/2017
848,Adams,Gosland,agoslandnj@themeforest.net,4/25/1973
849,Alfy,Broomhead,abroomheadnk@reverbnation.com,7/6/1937
850,Tamiko,Otter,totternl@vistaprint.com,12/20/2002
851,Demetri,Swindell,dswindellnm@noaa.gov,1/3/1990
852,Axe,Lewsie,alewsienn@mapy.cz,2/25/1986
853,Nanon,Gooden,ngoodenno@google.it,12/22/1951
854,Teodoor,Wike,twikenp@plala.or.jp,1/25/1988
855,Raye,Witz,rwitznq@moonfruit.com,6/17/1979
856,Kelcie,Wadman,kwadmannr@ask.com,5/11/1958
857,Ricard,Emms,remmsns@army.mil,3/10/2000
858,Douglas,Martel,dmartelnt@homestead.com,6/6/2017
859,Cesaro,McLaggan,cmclaggannu@gov.uk,7/12/1964
860,Andeee,Stoneman,astonemannv@pbs.org,10/4/1955
861,Garik,Coast,gcoastnw@behance.net,4/4/1930
862,Berty,Bainbridge,bbainbridgenx@cnet.com,1/26/1965
863,Cchaddie,Kharchinski,ckharchinskiny@lulu.com,1/1/2011
864,Joan,Troop,jtroopnz@who.int,6/11/1956
865,Jaymie,Maysor,jmaysoro0@free.fr,5/1/1991
866,Cyrus,Faulconer,cfaulconero1@a8.net,4/9/1918
867,Allys,Statefield,astatefieldo2@thetimes.co.uk,3/25/1978
868,Karalynn,Klimowicz,kklimowiczo3@taobao.com,3/11/1923
869,Penny,Canwell,pcanwello4@nasa.gov,1/7/1958
870,Courtnay,Arundel,carundelo5@so-net.ne.jp,8/17/1990
871,Lyndell,Silverthorne,lsilverthorneo6@so-net.ne.jp,1/31/1945
872,Cecil,Tootell,ctootello7@so-net.ne.jp,10/31/1985
873,Giuseppe,Olufsen,golufseno8@cpanel.net,12/8/2001
874,Calli,Colin,ccolino9@newyorker.com,4/6/2012
875,Greta,Woodburn,gwoodburnoa@xrea.com,8/4/2003
876,Gregoire,Monahan,gmonahanob@shutterfly.com,11/25/1969
877,Marla,Wort,mwortoc@si.edu,4/17/1952
878,Concordia,Maving,cmavingod@oracle.com,7/6/1955
879,Jorrie,Diable,jdiableoe@hugedomains.com,2/18/1940
880,Hakeem,Doman,hdomanof@cbsnews.com,6/27/1986
881,Daisy,Blackly,dblacklyog@shop-pro.jp,10/2/1966
882,Adams,Harron,aharronoh@google.com,7/29/1946
883,Tracy,Wenger,twengeroi@tinypic.com,2/16/1940
884,Abbott,Hirschmann,ahirschmannoj@ftc.gov,2/22/1941
885,Lucienne,Kneafsey,lkneafseyok@dell.com,1/25/1939
886,Charmion,Mattussevich,cmattussevichol@theatlantic.com,10/25/1961
887,Cleve,Hedger,chedgerom@creativecommons.org,12/21/1967
888,Luigi,Ascraft,lascrafton@networkadvertising.org,9/18/1999
889,Rodie,Skeldinge,rskeldingeoo@icio.us,12/17/1960
890,Willie,Lacroutz,wlacroutzop@latimes.com,7/6/2014
891,Taddeusz,Acheson,tachesonoq@simplemachines.org,12/28/1962
892,Delmor,Ossipenko,dossipenkoor@parallels.com,10/7/2016
893,Michel,Bartali,mbartalios@github.io,5/14/1987
894,Walliw,Saer,wsaerot@google.ru,2/24/1942
895,Katha,Swayne,kswayneou@google.ca,7/15/1954
896,Romain,Nowell,rnowellov@dion.ne.jp,11/6/2007
897,Shurlocke,Cockitt,scockittow@vimeo.com,7/3/2006
898,Rich,Mabb,rmabbox@wikispaces.com,8/17/2002
899,Dara,Burgoin,dburgoinoy@etsy.com,11/12/2012
900,Burton,Feldklein,bfeldkleinoz@shop-pro.jp,8/3/2017
901,Deidre,Rose,drosep0@seattletimes.com,11/5/2011
902,Cahra,Hebson,chebsonp1@nhs.uk,11/13/2001
903,Joell,Hallatt,jhallattp2@wired.com,7/30/1960
904,Barbabas,O'Kieran,bokieranp3@newsvine.com,4/18/1988
905,Richard,Heath,rheathp4@amazon.de,4/2/1985
906,Carlyle,Barnish,cbarnishp5@mapquest.com,6/6/1946
907,Bernete,Wreford,bwrefordp6@opensource.org,4/27/1918
908,Doralin,Metrick,dmetrickp7@51.la,12/8/2013
909,Indira,Kielt,ikieltp8@intel.com,12/20/2012
910,Bird,Dovey,bdoveyp9@cbc.ca,4/4/1982
911,Addie,Eagell,aeagellpa@seesaa.net,1/18/2000
912,Valentine,Swaton,vswatonpb@cnet.com,5/20/1969
913,Nevins,Fairfoull,nfairfoullpc@rakuten.co.jp,1/21/1929
914,Hillard,O' Scallan,hoscallanpd@cdbaby.com,6/30/2016
915,Ciel,Congram,ccongrampe@artisteer.com,7/26/1979
916,Shannon,Melmeth,smelmethpf@flavors.me,1/14/1987
917,Arly,Guirard,aguirardpg@delicious.com,5/18/2018
918,Bird,Jurca,bjurcaph@diigo.com,6/12/1953
919,Violetta,Kobsch,vkobschpi@mediafire.com,8/4/2006
920,Mommy,Bousler,mbouslerpj@163.com,6/6/2000
921,Adamo,McCanny,amccannypk@vk.com,5/16/1978
922,Abba,Jirus,ajiruspl@hud.gov,9/1/1951
923,Clare,Gormley,cgormleypm@amazon.co.uk,6/4/1935
924,Martie,Whiteman,mwhitemanpn@psu.edu,9/24/2010
925,Duffy,Itzkovsky,ditzkovskypo@cpanel.net,4/8/1933
926,Jasper,O'Hanley,johanleypp@businessweek.com,7/25/1937
927,Binny,Chalcraft,bchalcraftpq@pinterest.com,3/10/1921
928,Nathanael,Eldredge,neldredgepr@godaddy.com,2/22/1970
929,Stacee,Sopp,ssoppps@qq.com,8/8/1944
930,Roberta,Bartoletti,rbartolettipt@meetup.com,5/23/1964
931,Vonni,Grubbe,vgrubbepu@blog.com,5/14/1933
932,Vicki,Clegg,vcleggpv@last.fm,8/1/2011
933,Sonny,Oganian,soganianpw@cargocollective.com,4/11/1952
934,Lora,Elwell,lelwellpx@jalbum.net,5/29/1973
935,Jelene,Houseago,jhouseagopy@japanpost.jp,10/13/1945
936,Annis,Standell,astandellpz@nps.gov,12/25/1979
937,Donnie,Radley,dradleyq0@cnbc.com,2/1/1961
938,Corie,Joyson,cjoysonq1@plala.or.jp,4/16/1985
939,Federica,Ansell,fansellq2@house.gov,9/10/2004
940,Alta,Kristiansen,akristiansenq3@trellian.com,7/23/1922
941,Osbert,Stanyan,ostanyanq4@cyberchimps.com,8/30/2009
942,Waldon,Kempster,wkempsterq5@usatoday.com,11/27/2015
943,Silvio,Caldecourt,scaldecourtq6@ca.gov,6/25/1923
944,Whitman,Whissell,wwhissellq7@rediff.com,1/31/1923
945,Boone,Shewsmith,bshewsmithq8@imgur.com,9/24/1975
946,Hali,Sheehan,hsheehanq9@macromedia.com,7/8/1975
947,Binny,Ortiger,bortigerqa@admin.ch,10/4/2014
948,Cullin,Kill,ckillqb@instagram.com,1/26/1932
949,Gloriana,Purchon,gpurchonqc@mashable.com,1/7/1952
950,Klarrisa,Artrick,kartrickqd@cpanel.net,4/24/1988
951,Chadwick,Brambill,cbrambillqe@macromedia.com,4/19/2013
952,Stacy,Villaret,svillaretqf@i2i.jp,5/7/1945
953,Devon,Clipston,dclipstonqg@sogou.com,2/5/1943
954,Ferdie,Mark,fmarkqh@unblog.fr,10/6/2004
955,Starla,Fass,sfassqi@yale.edu,5/12/2017
956,Ediva,Klimentyonok,eklimentyonokqj@statcounter.com,6/23/1947
957,Svend,Wernham,swernhamqk@ovh.net,12/1/1973
958,Maud,Simmonite,msimmoniteql@spotify.com,10/31/2012
959,Reynold,Learmont,rlearmontqm@flickr.com,1/20/1992
960,Aurilia,Dwane,adwaneqn@google.co.jp,2/28/1935
961,Sherill,Gutridge,sgutridgeqo@youtu.be,5/27/1921
962,Lorita,Chagg,lchaggqp@cloudflare.com,12/28/2005
963,Johnny,Gruby,jgrubyqq@people.com.cn,5/5/1963
964,Selia,Shelly,sshellyqr@cdc.gov,7/20/1973
965,Ramona,Dupoy,rdupoyqs@nytimes.com,5/8/1963
966,Trude,Poland,tpolandqt@biglobe.ne.jp,4/16/1936
967,Andrey,Navarro,anavarroqu@youku.com,11/23/1921
968,Lenci,Goosey,lgooseyqv@shutterfly.com,11/23/1977
969,Chery,de Copeman,cdecopemanqw@wix.com,8/30/1966
970,Kylynn,Stearndale,kstearndaleqx@php.net,9/18/1990
971,Paloma,Wimpey,pwimpeyqy@google.com,6/21/2017
972,Son,Postlewhite,spostlewhiteqz@businessweek.com,3/8/1987
973,Galvin,Kalinsky,gkalinskyr0@nps.gov,6/8/1966
974,Byron,Heaysman,bheaysmanr1@flickr.com,4/27/2000
975,Jacky,Vedyaev,jvedyaevr2@dmoz.org,1/26/1944
976,Bernie,Wolfinger,bwolfingerr3@goo.gl,12/17/1990
977,Davidson,Betje,dbetjer4@bloglovin.com,12/2/1992
978,Joleen,Abrams,jabramsr5@yelp.com,9/14/1994
979,Henrik,Mease,hmeaser6@wordpress.org,10/30/1939
980,Humfried,Webborn,hwebbornr7@wikipedia.org,6/7/1919
981,Katleen,Creegan,kcreeganr8@time.com,4/10/1989
982,Evyn,Dessant,edessantr9@ucoz.ru,12/31/1928
983,Elyse,Gatland,egatlandra@irs.gov,7/23/1941
984,Raychel,Satyford,rsatyfordrb@aboutads.info,12/27/1974
985,Lisa,Gilfoy,lgilfoyrc@washingtonpost.com,11/13/1989
986,Gilberta,Avesque,gavesquerd@tumblr.com,9/3/1955
987,Salomon,Bonnet,sbonnetre@infoseek.co.jp,11/3/2002
988,Carlynne,Swadlinge,cswadlingerf@usda.gov,8/14/1970
989,Bobbie,Pulley,bpulleyrg@senate.gov,5/30/1934
990,Silvie,Zink,szinkrh@cnn.com,5/10/1999
991,Salvidor,De La Hay,sdelahayri@nymag.com,3/7/1997
992,Greg,Yggo,gyggorj@salon.com,6/22/1936
993,Fax,Chalke,fchalkerk@dyndns.org,3/9/1958
994,Clarita,Fulks,cfulksrl@wsj.com,4/10/1928
995,Harbert,Lewsley,hlewsleyrm@marriott.com,7/3/1985
996,Randa,Keatch,rkeatchrn@microsoft.com,12/10/1936
997,Korie,Allsupp,kallsuppro@elpais.com,11/7/1998
998,Brant,Harraway,bharrawayrp@zimbio.com,11/21/1976
999,Alane,Couling,acoulingrq@prnewswire.com,7/10/1948
1000,Lyndsey,Digman,ldigmanrr@wufoo.com,5/24/1976